{
  "mode": "geirhos",
  "model": "resnet50.a1_in1k",
  "num_samples": 720,
  "topk": 5,
  "decision_top1": {
    "shape": 44,
    "texture": 563,
    "other": 113
  },
  "decision_top1_pct": {
    "shape": 6.111111111111111,
    "texture": 78.19444444444444,
    "other": 15.694444444444445
  },
  "decision_top5": {
    "shape": 44,
    "texture": 549,
    "both": 82,
    "other": 45
  },
  "decision_top5_pct": {
    "shape": 6.111111111111111,
    "texture": 76.25,
    "both": 11.38888888888889,
    "other": 6.25
  },
  "semantic_robustness": {
    "parent_top1_match_count": 56,
    "parent_top1_match_pct": 7.777777777777778,
    "parent_top5_match_count": 182,
    "parent_top5_match_pct": 25.27777777777778,
    "parent_prob_mass_mean": 0.06769325066951778
  },
  "original_image_auc": {}
}