{
  "mode": "geirhos",
  "model": "resnet50.a1_in1k",
  "num_samples": 720,
  "topk": 5,
  "decision_top1": {
    "shape": 223,
    "texture": 129,
    "other": 368
  },
  "decision_top1_pct": {
    "shape": 30.97222222222222,
    "texture": 17.916666666666668,
    "other": 51.111111111111114
  },
  "decision_top5": {
    "shape": 340,
    "texture": 139,
    "both": 83,
    "other": 158
  },
  "decision_top5_pct": {
    "shape": 47.22222222222222,
    "texture": 19.305555555555557,
    "both": 11.527777777777779,
    "other": 21.944444444444443
  },
  "semantic_robustness": {
    "parent_top1_match_count": 307,
    "parent_top1_match_pct": 42.638888888888886,
    "parent_top5_match_count": 482,
    "parent_top5_match_pct": 66.94444444444444,
    "parent_prob_mass_mean": 0.38393152467443975
  },
  "original_image_auc": {}
}