model_display,Texture + Edges,Texture AdaIN,Texture NST,Texture Only
ResNet18,0.33555555555555555,0.5020746887966805,0.5899705014749262,0.041666666666666664
ResNet50,0.3715953307392996,0.668141592920354,0.6335227272727273,0.07248764415156507
ViT Base,0.5010266940451745,0.8666666666666667,0.8031674208144797,0.1294559099437148
ViT Tiny,0.34626865671641793,0.6631578947368421,0.5484949832775919,0.06178489702517163
