model_display,Texture + Edges,Texture AdaIN,Texture NST,Texture Only
ResNet18,0.4097222222222222,0.38055555555555554,0.5541666666666667,0.12222222222222222
ResNet50,0.4777777777777778,0.4125,0.5875,0.175
ViT Base,0.6666666666666666,0.7097222222222223,0.8180555555555555,0.25833333333333336
ViT Tiny,0.375,0.3638888888888889,0.48333333333333334,0.09583333333333334
