{
  "mode": "original",
  "model": "vit_small_patch16_224.augreg_in21k_ft_in1k",
  "num_samples": 144,
  "topk": 5,
  "decision_top1": {
    "shape": 140,
    "texture": 0,
    "other": 4
  },
  "decision_top1_pct": {
    "shape": 97.22222222222223,
    "texture": 0.0,
    "other": 2.7777777777777777
  },
  "decision_top5": {
    "shape": 0,
    "texture": 0,
    "both": 144,
    "other": 0
  },
  "decision_top5_pct": {
    "shape": 0.0,
    "texture": 0.0,
    "both": 100.0,
    "other": 0.0
  },
  "semantic_robustness": {
    "parent_top1_match_count": 141,
    "parent_top1_match_pct": 97.91666666666667,
    "parent_top5_match_count": 144,
    "parent_top5_match_pct": 100.0,
    "parent_prob_mass_mean": 0.9512633374995656
  },
  "original_image_auc": {
    "macro_ovr_auc": 1.0,
    "per_class_auc": {
      "n01514859": 1.0,
      "n02090622": 1.0,
      "n02123045": 1.0,
      "n02132136": 1.0,
      "n02504458": 1.0,
      "n02690373": 1.0,
      "n02708093": 1.0,
      "n02823428": 1.0,
      "n02835271": 1.0,
      "n02981792": 1.0,
      "n03041632": 1.0,
      "n03085013": 1.0,
      "n03100240": 1.0,
      "n03417042": 1.0,
      "n04099969": 1.0
    },
    "num_auc_classes": 15
  }
}