model_display,model_tag,n,original_top1_acc,generated_top1_acc,original_top5_acc,generated_top5_acc,mean_original_prob_correct,mean_generated_prob_correct,mean_delta_prob_correct,mean_original_rank,mean_generated_rank,pred_changed_rate,delta_top1_acc,delta_top5_acc
ViT-Base,vit_base_patch16_224_augreg_in21k_ft_in1k,110,1.0,0.8363636363636363,1.0,0.9818181818181818,0.8947245456955649,0.655981774405915,-0.23874277128965,1.0,1.7545454545454546,0.16363636363636364,-0.1636363636363637,-0.018181818181818188
ResNet-50,resnet50_a1_in1k,110,1.0,0.7363636363636363,1.0,0.9545454545454546,0.9472247112881054,0.6755275877425447,-0.27169712354556064,1.0,1.8818181818181818,0.2636363636363636,-0.26363636363636367,-0.045454545454545414
ResNet-18,resnet18_a1_in1k,110,1.0,0.5454545454545454,1.0,0.8545454545454545,0.884830118580298,0.4203180097837255,-0.4645121087965725,1.0,4.4363636363636365,0.45454545454545453,-0.4545454545454546,-0.1454545454545455
ViT-Tiny,vit_tiny_patch16_224_augreg_in21k_ft_in1k,110,1.0,0.5181818181818182,1.0,0.7727272727272727,0.8541657648303292,0.3926751751674932,-0.461490589662836,1.0,9.472727272727273,0.4818181818181818,-0.4818181818181818,-0.2272727272727273
