background_name,ResNet-18,ResNet-50,ViT-Base,ViT-Tiny
openwater,-0.5448912323537198,-0.3206995938777585,-0.27925515669736667,-0.4895754590873945
surface,-0.3841329852394252,-0.2226946532133628,-0.19823038588193326,-0.4334057202382775
