background_name,ResNet-18,ResNet-50,ViT-Base,ViT-Tiny
openwater,0.5636363636363636,0.2727272727272727,0.16363636363636364,0.4727272727272727
surface,0.34545454545454546,0.2545454545454545,0.16363636363636364,0.4909090909090909
