background_name,ResNet-18,ResNet-50,ViT-Base,ViT-Tiny
openwater,0.8,0.9272727272727272,0.9818181818181818,0.7272727272727273
surface,0.9090909090909091,0.9818181818181818,0.9818181818181818,0.8181818181818182
