background_name,ResNet-18,ResNet-50,ViT-Base,ViT-Tiny
openwater,0.43636363636363634,0.7272727272727273,0.8363636363636363,0.5272727272727272
surface,0.6545454545454545,0.7454545454545455,0.8363636363636363,0.509090909090909
