model_display,n,original_top1_acc,generated_top1_acc,delta_top1_acc,original_top5_acc,generated_top5_acc,delta_top5_acc,mean_delta_prob_correct,pred_changed_rate
ViT-Base,110,1.0,0.8363636363636363,-0.1636363636363637,1.0,0.9818181818181818,-0.018181818181818188,-0.23874277128965,0.16363636363636364
ResNet-50,110,1.0,0.7363636363636363,-0.26363636363636367,1.0,0.9545454545454546,-0.045454545454545414,-0.27169712354556064,0.2636363636363636
ResNet-18,110,1.0,0.5454545454545454,-0.4545454545454546,1.0,0.8545454545454545,-0.1454545454545455,-0.4645121087965725,0.45454545454545453
ViT-Tiny,110,1.0,0.5181818181818182,-0.4818181818181818,1.0,0.7727272727272727,-0.2272727272727273,-0.461490589662836,0.4818181818181818
