background_name,model_display,n,generated_top1_acc,generated_top5_acc,mean_delta_prob_correct,pred_changed_rate
openwater,ViT-Base,55,0.8363636363636363,0.9818181818181818,-0.27925515669736667,0.16363636363636364
openwater,ResNet-50,55,0.7272727272727273,0.9272727272727272,-0.3206995938777585,0.2727272727272727
openwater,ViT-Tiny,55,0.5272727272727272,0.7272727272727273,-0.4895754590873945,0.4727272727272727
openwater,ResNet-18,55,0.43636363636363634,0.8,-0.5448912323537198,0.5636363636363636
surface,ViT-Base,55,0.8363636363636363,0.9818181818181818,-0.19823038588193326,0.16363636363636364
surface,ResNet-50,55,0.7454545454545455,0.9818181818181818,-0.2226946532133628,0.2545454545454545
surface,ResNet-18,55,0.6545454545454545,0.9090909090909091,-0.3841329852394252,0.34545454545454546
surface,ViT-Tiny,55,0.509090909090909,0.8181818181818182,-0.4334057202382775,0.4909090909090909
