background_name,model_display,model_tag,n,original_top1_acc,generated_top1_acc,original_top5_acc,generated_top5_acc,mean_original_prob_correct,mean_generated_prob_correct,mean_delta_prob_correct,mean_generated_rank,pred_changed_rate,delta_top1_acc,delta_top5_acc
openwater,ViT-Base,vit_base_patch16_224_augreg_in21k_ft_in1k,55,1.0,0.8363636363636363,1.0,0.9818181818181818,0.8947245456955649,0.6154693889981983,-0.27925515669736667,2.2,0.16363636363636364,-0.1636363636363637,-0.018181818181818188
openwater,ResNet-50,resnet50_a1_in1k,55,1.0,0.7272727272727273,1.0,0.9272727272727272,0.9472247112881054,0.6265251174103469,-0.3206995938777585,2.2181818181818183,0.2727272727272727,-0.2727272727272727,-0.07272727272727275
openwater,ViT-Tiny,vit_tiny_patch16_224_augreg_in21k_ft_in1k,55,1.0,0.5272727272727272,1.0,0.7272727272727273,0.8541657648303292,0.36459030574293466,-0.4895754590873945,12.036363636363637,0.4727272727272727,-0.4727272727272728,-0.2727272727272727
openwater,ResNet-18,resnet18_a1_in1k,55,1.0,0.43636363636363634,1.0,0.8,0.884830118580298,0.3399388862265782,-0.5448912323537198,6.254545454545455,0.5636363636363636,-0.5636363636363637,-0.19999999999999996
surface,ViT-Base,vit_base_patch16_224_augreg_in21k_ft_in1k,55,1.0,0.8363636363636363,1.0,0.9818181818181818,0.8947245456955649,0.6964941598136317,-0.19823038588193326,1.309090909090909,0.16363636363636364,-0.1636363636363637,-0.018181818181818188
surface,ResNet-50,resnet50_a1_in1k,55,1.0,0.7454545454545455,1.0,0.9818181818181818,0.9472247112881054,0.7245300580747426,-0.2226946532133628,1.5454545454545454,0.2545454545454545,-0.2545454545454545,-0.018181818181818188
surface,ResNet-18,resnet18_a1_in1k,55,1.0,0.6545454545454545,1.0,0.9090909090909091,0.884830118580298,0.5006971333408728,-0.3841329852394252,2.618181818181818,0.34545454545454546,-0.34545454545454546,-0.09090909090909094
surface,ViT-Tiny,vit_tiny_patch16_224_augreg_in21k_ft_in1k,55,1.0,0.509090909090909,1.0,0.8181818181818182,0.8541657648303292,0.4207600445920517,-0.4334057202382775,6.909090909090909,0.4909090909090909,-0.49090909090909096,-0.18181818181818177
