model,baseline_tag,original_top1,pipeline_top1,delta_top1_pipeline_minus_original,original_top5,pipeline_top5,delta_top5_pipeline_minus_original,original_prob_correct,pipeline_prob_correct,delta_prob_pipeline_minus_original,pred_changed_rate_vs_original
ResNet-18,scale100,1.0,0.8909090909090909,-0.10909090909090913,1.0,1.0,0.0,0.884830118580298,0.829705879769542,-0.05512423881075601,0.10909090909090909
ResNet-50,scale100,1.0,0.9272727272727272,-0.07272727272727275,1.0,1.0,0.0,0.9472247112881054,0.8936213832009923,-0.0536033280871131,0.07272727272727272
ViT-Tiny,scale100,1.0,0.9272727272727272,-0.07272727272727275,1.0,1.0,0.0,0.8541657648303292,0.78812771033157,-0.06603805449875921,0.07272727272727272
ViT-Base,scale100,1.0,0.9818181818181818,-0.018181818181818188,1.0,1.0,0.0,0.8947245456955649,0.8438227775422009,-0.050901768153364,0.01818181818181818
