model,original,scale100,scale075,scale050,scale025
ResNet-18,0.0,-0.05512423881075599,-0.1649126862937754,-0.4764398864343424,-0.8295094900948409
ResNet-50,0.0,-0.05360332808711312,-0.08537482524460009,-0.28708035831593653,-0.8122144140139095
ViT-Base,0.0,-0.050901768153364,-0.09397746432911265,-0.2112437143921852,-0.6824180377901278
ViT-Tiny,0.0,-0.06603805449875919,-0.18569428228709678,-0.3797988440846728,-0.7477023909961149
