model,original,scale100,scale075,scale050,scale025
ResNet-18,0.0,0.10909090909090909,0.16363636363636364,0.4909090909090909,0.9090909090909091
ResNet-50,0.0,0.07272727272727272,0.07272727272727272,0.23636363636363636,0.8363636363636363
ViT-Base,0.0,0.01818181818181818,0.09090909090909091,0.16363636363636364,0.6727272727272727
ViT-Tiny,0.0,0.07272727272727272,0.18181818181818182,0.38181818181818183,0.8363636363636363
