model,original,scale100,scale075,scale050,scale025
ResNet-18,1.0,0.8909090909090909,0.8363636363636363,0.509090909090909,0.09090909090909091
ResNet-50,1.0,0.9272727272727272,0.9272727272727272,0.7636363636363637,0.16363636363636364
ViT-Tiny,1.0,0.9272727272727272,0.8181818181818182,0.6181818181818182,0.16363636363636364
ViT-Base,1.0,0.9818181818181818,0.9090909090909091,0.8363636363636363,0.32727272727272727
