model,original,scale100,scale075,scale050,scale025
ResNet-18,1.0,1.0,1.0,0.8909090909090909,0.2727272727272727
ResNet-50,1.0,1.0,1.0,0.9818181818181818,0.4909090909090909
ViT-Tiny,1.0,1.0,0.9636363636363636,0.8909090909090909,0.41818181818181815
ViT-Base,1.0,1.0,1.0,1.0,0.5818181818181818
