model,original,scale100,scale075,scale050,scale025
ResNet-18,0.884830118580298,0.829705879769542,0.7199174322865226,0.4083902321459556,0.055320628485457136
ResNet-50,0.9472247112881054,0.8936213832009923,0.8618498860435052,0.6601443529721688,0.13501029727419583
ViT-Tiny,0.8541657648303292,0.78812771033157,0.6684714825432324,0.4743669207456564,0.10646337383421431
ViT-Base,0.8947245456955649,0.8438227775422009,0.8007470813664523,0.6834808313033798,0.21230650790543718
