scale_tag,scale_factor,scale_pct,n,top1_acc_original,top1_acc_generated,top5_acc_original,top5_acc_generated,mean_prob_correct_original,mean_prob_correct_generated,mean_delta_prob_correct,mean_delta_logit_correct,mean_delta_rank,pred_changed_rate
scale025,0.25,25,55,1.0,0.09090909090909091,1.0,0.2727272727272727,0.884830118580298,0.055320628485457164,-0.8295094900948409,-7.571706481413408,4.036363636363636,0.9090909090909091
scale050,0.5,50,55,1.0,0.509090909090909,1.0,0.8909090909090909,0.884830118580298,0.4083902321459556,-0.4764398864343424,-4.044194178147749,1.2,0.4909090909090909
scale075,0.75,75,55,1.0,0.8363636363636363,1.0,1.0,0.884830118580298,0.7199174322865226,-0.1649126862937754,-1.6901883255351673,0.2,0.16363636363636364
scale100,1.0,100,55,1.0,0.8909090909090909,1.0,1.0,0.884830118580298,0.829705879769542,-0.05512423881075599,-0.631381758776578,0.16363636363636364,0.10909090909090909
