scale_tag,scale_factor,scale_pct,n,top1_acc_original,top1_acc_generated,top5_acc_original,top5_acc_generated,mean_prob_correct_original,mean_prob_correct_generated,mean_delta_prob_correct,mean_delta_logit_correct,mean_delta_rank,pred_changed_rate
scale025,0.25,25,55,1.0,0.32727272727272727,1.0,0.5818181818181818,0.8947245456955649,0.21230650790543718,-0.6824180377901278,-6.323016460375352,2.6,0.6727272727272727
scale050,0.5,50,55,1.0,0.8363636363636363,1.0,1.0,0.8947245456955649,0.6834808313033798,-0.2112437143921852,-1.9963186784224076,0.2909090909090909,0.16363636363636364
scale075,0.75,75,55,1.0,0.9090909090909091,1.0,1.0,0.8947245456955649,0.8007470813664523,-0.09397746432911266,-0.8449409918351607,0.14545454545454545,0.09090909090909091
scale100,1.0,100,55,1.0,0.9818181818181818,1.0,1.0,0.8947245456955649,0.8438227775422009,-0.05090176815336401,-0.32550716400146484,0.01818181818181818,0.01818181818181818
