scale_tag,scale_factor,scale_pct,n,top1_acc_original,top1_acc_generated,top5_acc_original,top5_acc_generated,mean_prob_correct_original,mean_prob_correct_generated,mean_delta_prob_correct,mean_delta_logit_correct,mean_delta_rank,pred_changed_rate
scale025,0.25,25,55,1.0,0.16363636363636364,1.0,0.41818181818181815,0.8541657648303292,0.10646337383421434,-0.7477023909961149,-8.861776525324041,3.6363636363636362,0.8363636363636363
scale050,0.5,50,55,1.0,0.6181818181818182,1.0,0.8909090909090909,0.8541657648303292,0.4743669207456564,-0.3797988440846728,-3.937579042261297,0.9818181818181818,0.38181818181818183
scale075,0.75,75,55,1.0,0.8181818181818182,1.0,0.9636363636363636,0.8541657648303292,0.6684714825432324,-0.18569428228709678,-1.6653958667408337,0.34545454545454546,0.18181818181818182
scale100,1.0,100,55,1.0,0.9272727272727272,1.0,1.0,0.8541657648303292,0.78812771033157,-0.06603805449875919,-0.6353899522261186,0.07272727272727272,0.07272727272727272
