scale_tag,scale_factor,scale_pct,n,top1_acc_original,top1_acc_generated,top5_acc_original,top5_acc_generated,mean_prob_correct_original,mean_prob_correct_generated,mean_delta_prob_correct,mean_delta_logit_correct,mean_delta_rank,pred_changed_rate
scale025,0.25,25,55,1.0,0.16363636363636364,1.0,0.4909090909090909,0.9472247112881054,0.13501029727419583,-0.8122144140139095,-9.298207859559493,3.4727272727272727,0.8363636363636363
scale050,0.5,50,55,1.0,0.7636363636363637,1.0,0.9818181818181818,0.9472247112881054,0.6601443529721688,-0.28708035831593653,-4.906973394480619,0.43636363636363634,0.23636363636363636
scale075,0.75,75,55,1.0,0.9272727272727272,1.0,1.0,0.9472247112881054,0.8618498860435052,-0.08537482524460012,-2.6069295102899726,0.09090909090909091,0.07272727272727272
scale100,1.0,100,55,1.0,0.9272727272727272,1.0,1.0,0.9472247112881054,0.8936213832009923,-0.05360332808711312,-1.1571932489221746,0.09090909090909091,0.07272727272727272
