{
  "mode": "geirhos",
  "model": "vit_base_patch16_224.augreg_in21k_ft_in1k",
  "num_samples": 720,
  "topk": 5,
  "decision_top1": {
    "shape": 244,
    "texture": 243,
    "other": 233
  },
  "decision_top1_pct": {
    "shape": 33.888888888888886,
    "texture": 33.75,
    "other": 32.361111111111114
  },
  "decision_top5": {
    "shape": 341,
    "texture": 175,
    "both": 139,
    "other": 65
  },
  "decision_top5_pct": {
    "shape": 47.361111111111114,
    "texture": 24.305555555555557,
    "both": 19.305555555555557,
    "other": 9.027777777777779
  },
  "semantic_robustness": {
    "parent_top1_match_count": 340,
    "parent_top1_match_pct": 47.22222222222222,
    "parent_top5_match_count": 540,
    "parent_top5_match_pct": 75.0,
    "parent_prob_mass_mean": 0.4197927220479405
  },
  "original_image_auc": {}
}