{
  "mode": "geirhos",
  "model": "resnet50.a1_in1k",
  "num_samples": 720,
  "topk": 5,
  "decision_top1": {
    "shape": 151,
    "texture": 75,
    "other": 494
  },
  "decision_top1_pct": {
    "shape": 20.97222222222222,
    "texture": 10.416666666666666,
    "other": 68.61111111111111
  },
  "decision_top5": {
    "shape": 268,
    "texture": 118,
    "both": 29,
    "other": 305
  },
  "decision_top5_pct": {
    "shape": 37.22222222222222,
    "texture": 16.38888888888889,
    "both": 4.027777777777778,
    "other": 42.361111111111114
  },
  "semantic_robustness": {
    "parent_top1_match_count": 220,
    "parent_top1_match_pct": 30.555555555555557,
    "parent_top5_match_count": 386,
    "parent_top5_match_pct": 53.611111111111114,
    "parent_prob_mass_mean": 0.25340330043406517
  },
  "original_image_auc": {}
}